username,user id,access hash,name,group,group id
,5081605001,2992496041376171771,marky z,BotWhitelist Public Chat,1670409230
kmzxxx,525080471,8477872821270195058,zE,BotWhitelist Public Chat,1670409230
zer8geo,1927321546,6252681646202151175,ÊñØÊñá_ bot,BotWhitelist Public Chat,1670409230
t0t0_z,550741132,443446222072119189,jai2,BotWhitelist Public Chat,1670409230
SvzBypass,530189080,6014197238670167828,Saputra Van Zimmi - https://gasfarm.org,BotWhitelist Public Chat,1670409230
Taqiiem,487746730,-5705714693363097294,Zull,BotWhitelist Public Chat,1670409230
ZhongXing1234,1936324578,-2644026964525806813,d a,BotWhitelist Public Chat,1670409230
zeus_11000,950309427,-5764026545582021241,Zeus,BotWhitelist Public Chat,1670409230
ArisResearch,1971401086,5214030192831170683,Zoey,BotWhitelist Public Chat,1670409230
Tibz83,1093978550,-3909931248984348015,Tibo Z√©nith,BotWhitelist Public Chat,1670409230
MZubair12345,1720829352,-4746162886135079846,M Zubair,BotWhitelist Public Chat,1670409230
,1693369228,370931454557591726,zheng zetan,BotWhitelist Public Chat,1670409230
zubokroman,298234573,5811351378406618606,Zubok Roman,BotWhitelist Public Chat,1670409230
putra4693,1078898819,-8393450987888162220,zX,BotWhitelist Public Chat,1670409230
Zererotwo,992103262,-5604673721869323989,Edmund Abialle,BotWhitelist Public Chat,1670409230
zsuske44,1818884534,-5880428272535792360,Zasuke,BotWhitelist Public Chat,1670409230
ZilFirmansyah,1494060467,-2089761434660669919,F.,BotWhitelist Public Chat,1670409230
zainmech,258786155,-5691763398790035081,Zain,BotWhitelist Public Chat,1670409230
Noexisto12,1915756515,6653281476353419820,Mod Esp Baby Doge || NEW YEAR ||,BotWhitelist Public Chat,1670409230
yaelahto,984803317,-9121880061883983512,Yaelahto,BotWhitelist Public Chat,1670409230
yunipaisen,2042408140,-6683594601580255000,Yuni Paisen @FudPinkSale,BotWhitelist Public Chat,1670409230
yaokeai,1116647736,-3041858041131617732,ÂßöÂßöÂ•∂Êòî,BotWhitelist Public Chat,1670409230
yonzinhoxd,1938501904,2348433831331220728,Huelinton R Ferreira,BotWhitelist Public Chat,1670409230
pallaim_YearOfFlokii,113849457,341981079844872186,Dinho,BotWhitelist Public Chat,1670409230
Lexxx_Y,1681208891,-7002660188151649441,Lex Y,BotWhitelist Public Chat,1670409230
himansu_77,1186383345,-2688022612245064061,Himanshu | Never DM You,BotWhitelist Public Chat,1670409230
sikomaraja,1775343071,-2927225936514818552,Yp,BotWhitelist Public Chat,1670409230
Samir171,1856551231,-1879545355844054822,Hh Samir || ‚óá Will Never Dm You ‚óá ||,BotWhitelist Public Chat,1670409230
Azzi331,1175047128,-4655426116376681261,üêíAzziüêµü¶õ ( will never dm you first)üç®,BotWhitelist Public Chat,1670409230
NolxYayan,1171428465,-997724085040306774,YS || AIRDROPFIND MEMBER,BotWhitelist Public Chat,1670409230
Northernsky1991,431007846,6825284261992770924,Steven Nguy·ªÖn - HG Admin {Never DM You First},BotWhitelist Public Chat,1670409230
mejbaur13,1739830092,-6783587985851007110,mejbaur (never dm or pm you first),BotWhitelist Public Chat,1670409230
watacchi,546039873,-727741144743846140,watacchi@KudasaiJP (will DM you first),BotWhitelist Public Chat,1670409230
BinaryKingOO7,951952875,-750288837116095619,Option King (never DM you first ü•á),BotWhitelist Public Chat,1670409230
ROCK_BDF,1851973086,-7063652967375202713,ROCK (Will never Dm or Pm you First),BotWhitelist Public Chat,1670409230
Yawnyboi,1962651235,8173694728476919089,Yawn,BotWhitelist Public Chat,1670409230
,843917663,8298502166252546308,Yuri,BotWhitelist Public Chat,1670409230
yunqi66,1427801253,4459450547322340770,ËøêÊ∞îÂ•ΩÁÇπÂÑø,BotWhitelist Public Chat,1670409230
AggraAbhy,769591498,687884278033017841,A…¢…¢ Ä·¥ÄA ô ú è | $·èü Ä·Éß·¥ò»∂·¥è P Ä…™…¥·¥¢„ÄéWon't Ask You For Money„Äè,BotWhitelist Public Chat,1670409230
RizkiEpsa,705803961,-3421177174942883425,Epsa üíµ | Never DM You First | DHC | PLAT,BotWhitelist Public Chat,1670409230
Totitot39465,1999679700,5872426296280549638,Ya,BotWhitelist Public Chat,1670409230
Yakyourbae,1109969744,2058278491931359305,Yakyourbae,BotWhitelist Public Chat,1670409230
yanti9999,2031788345,2135459425804996144,YANTI,BotWhitelist Public Chat,1670409230
lorotelik,259276788,-8471211920954080747,{Mr. HeLLo}‚Ä¢CRYPTO XXXX old acount,BotWhitelist Public Chat,1670409230
xwang118,5086580618,382311290044965118,xiaoxian wang,BotWhitelist Public Chat,1670409230
xiaomao1119,458287245,2627226098413474428,Xiao mao,BotWhitelist Public Chat,1670409230
So_Whitelister,851796070,-8479769014053027213,T·∫≠p l√†m DEV ( Sau n√†y x·∫£ tr√™n ƒë·∫ßu b·ªçn Buyer ),BotWhitelist Public Chat,1670409230
TONNYSAKER,1434514878,587360153636003628,TONNYSAKER (x1000...Loading Admin),BotWhitelist Public Chat,1670409230
xirofompila,1531025402,4748914072262345034,Chinpokomon,BotWhitelist Public Chat,1670409230
southerncounty,1200432655,521731671261010510,xi feng,BotWhitelist Public Chat,1670409230
x00b0,906629933,327404864680052198,arga,BotWhitelist Public Chat,1670409230
Mogahoki404,1320186494,2520621414221258884,Kang Begal x Airdrop Hunter KUY,BotWhitelist Public Chat,1670409230
IF_x0,1641310683,-1912478583618777296,IF _x0,BotWhitelist Public Chat,1670409230
mydear99,1169643765,-8607886944461350053,k'wonderkid | xyz üêßüêßüêß,BotWhitelist Public Chat,1670409230
veyy_xyra,1324840755,-4638928430621113914,Verra,BotWhitelist Public Chat,1670409230
serigalamalas,968372871,-2024054721281289657,wandi saputra,BotWhitelist Public Chat,1670409230
elonmurtad,2041286358,2475671488264159758,Apri Amsyah | Whitelist Bot Official‚ö°Ô∏è,BotWhitelist Public Chat,1670409230
Wuguangzhen,1995200205,5419428885696547990,ÊòéÊó•„ÅÆÊòü,BotWhitelist Public Chat,1670409230
whiskeymoonshot,5056220394,-3040152326048975701,Itachi,BotWhitelist Public Chat,1670409230
WebWizardz,1417319545,-6334842748934112362,WebWizardz,BotWhitelist Public Chat,1670409230
,1560613874,2522829519748386488,wO ruan,BotWhitelist Public Chat,1670409230
Manuelle007,2084713812,2083870141993733750,‚öîÔ∏èManuelle (WILL NOT DM FIRST)‚öîÔ∏è,BotWhitelist Public Chat,1670409230
Abomicr,1436013072,-4244240349753620219,Windows,BotWhitelist Public Chat,1670409230
thomas8769,2054996691,968549705111841676,Wallstreet bet @RugFreeHouse,BotWhitelist Public Chat,1670409230
whiteliisthunterofficialcall,2074624128,-2571425841075370805,WL Hunter,BotWhitelist Public Chat,1670409230
williammanjohnson_89,2075691433,7562308659276299737,! Infinity guard,BotWhitelist Public Chat,1670409230
,1922293294,3158209402811062768,in whale(Ëæ∞ÊòüÁ§æÂå∫),BotWhitelist Public Chat,1670409230
elonnmurtad,5029378432,5396632576319866602,Apri Amsyah | Whitelist Bot Official‚ö°Ô∏è,BotWhitelist Public Chat,1670409230
waldekoje,1999995103,156395681943376044,Waldek,BotWhitelist Public Chat,1670409230
,1619023782,8423812041936657081,Wagzz,BotWhitelist Public Chat,1670409230
Mingon1,1349106856,5428554171530988159,Mingon || May m·∫Øn khi mua wana 3$,BotWhitelist Public Chat,1670409230
index999,1819669450,-1578395568882189651,INDEX [ Will Not DM First ],BotWhitelist Public Chat,1670409230
Syeda_writes,5043785867,-521817205155011776,Syeda Qandeel Fatima,BotWhitelist Public Chat,1670409230
EmmaW93,1713594673,-2286017173517779996,Emma Williams,BotWhitelist Public Chat,1670409230
mcgoremods,1619113515,-1800732577039494847,Jue wont message u 1st,BotWhitelist Public Chat,1670409230
wcc_32,519434562,1438415511721019725,·Ö† ·Ö†,BotWhitelist Public Chat,1670409230
Emusk14,1850308938,2004285495238381154,wilian,BotWhitelist Public Chat,1670409230
mwfilho,427023867,7150217392503791915,Mois√©s W,BotWhitelist Public Chat,1670409230
Douglazera,1175086137,2855478777389892040,William Douglas,BotWhitelist Public Chat,1670409230
marriusin,1146946920,4208012281976830009,Wrum wrum,BotWhitelist Public Chat,1670409230
Ta_Unlimited,1132679441,-6631039009056037299,üÖÉ‡º∫LeÕ•geÕ£nÕ´d‡ºªüÑ∞ WaGmY,BotWhitelist Public Chat,1670409230
RugAlertComing,1866536050,1316859229446500261,Hold Is Winner | Im Not A Financial Advice,BotWhitelist Public Chat,1670409230
Wawanset2021,2084452978,-1018686885595315263,Wawan Set,BotWhitelist Public Chat,1670409230
workoutplanet,824999703,-9060740828436950681,Workout Planet,BotWhitelist Public Chat,1670409230
vandergempa,1929850455,-4948933985605737600,Vandergempa,BotWhitelist Public Chat,1670409230
Vendoryess,1588412687,-9047803212659820379,Mas,BotWhitelist Public Chat,1670409230
karakiraku,1294883115,-4616510986364598802,Vito Corleone,BotWhitelist Public Chat,1670409230
kangsate91,893856928,-6905173651676632190,Vanko Piero,BotWhitelist Public Chat,1670409230
vipvip231,5092526868,8811691098691651749,Kevin,BotWhitelist Public Chat,1670409230
madhuch,608224170,-5124208993210234280,m@dh@v Ch:-),BotWhitelist Public Chat,1670409230
vippremium5,1811956842,-7578378600019604117,Friend,BotWhitelist Public Chat,1670409230
loverboy101202002,1009658107,677446363825758820,SCS059 Shivam Vishwakarma,BotWhitelist Public Chat,1670409230
,1840990311,4598216205536528931,Valdinei,BotWhitelist Public Chat,1670409230
dulik_v,467696359,-7968815653607273491,Vlad,BotWhitelist Public Chat,1670409230
Truong5k,1212096108,-3580592416049885253,Voder Move,BotWhitelist Public Chat,1670409230
vinyasgb2005,1000254357,-1351081565555217791,Vinyas,BotWhitelist Public Chat,1670409230
VNAD19,1240949680,9051439175670105718,Muh Rezky,BotWhitelist Public Chat,1670409230
vtanh1905,724638398,-5833001594312444200,VuÃÉ || Thik ai ƒë√≥,BotWhitelist Public Chat,1670409230
brabuss787,1310742919,-5498213149426236870,Van,BotWhitelist Public Chat,1670409230
Vijay_6ix9ine,1939120321,-1541734103256924694,Vijay,BotWhitelist Public Chat,1670409230
Fatalindo,1774330812,5559525915075408389,Crussader|@Verifiedmode | Ready viewers channel telegram,BotWhitelist Public Chat,1670409230
Vixhalkr,809566938,1088761121447461871,Vixhal Kumar,BotWhitelist Public Chat,1670409230
vin3p,1497057946,-4609225527680897130,Vinep,BotWhitelist Public Chat,1670409230
vanluan0600,2032761181,3881863059235852321,TCCE06,BotWhitelist Public Chat,1670409230
,1816684514,5324621005592667988,Victor –ì–ª–∞–¥–∫–æ–≤,BotWhitelist Public Chat,1670409230
Poimandres7,1713504486,5679030365947955825,Vito,BotWhitelist Public Chat,1670409230
Traka782,1478172080,2106512421960093814,Vero,BotWhitelist Public Chat,1670409230
kodokudeath,1115895870,-855477567969985114,VEXEEE,BotWhitelist Public Chat,1670409230
ahah1986,784726153,4001259386676972692,Valencia Velerie,BotWhitelist Public Chat,1670409230
Vatrialdy,1040285870,-7202151066339038174,Arfan Vatrialdy,BotWhitelist Public Chat,1670409230
messa1337,1713829228,1977065239509186573,Messa ‚ö°Ô∏èUNITED SHILLERS‚ö°Ô∏è,BotWhitelist Public Chat,1670409230
ulallss,2143764062,-3975254356321244396,ula ll,BotWhitelist Public Chat,1670409230
KangNgocox,1113455280,-1136990591538986065,Udin |TUAN-MUDA,BotWhitelist Public Chat,1670409230
luthfichaerul,1722910773,-479476387539258228,! L u t h f i,BotWhitelist Public Chat,1670409230
couponxdealer,2088087294,-769688399034188978,Sal (NEVER PM U),BotWhitelist Public Chat,1670409230
,1709874024,7722144425804852892,H0mer (Ausente un par de dias),BotWhitelist Public Chat,1670409230
doritomanz,1473990726,4968797698956590286,Julio ‚ö° UNITED SHILLERS ‚ö°,BotWhitelist Public Chat,1670409230
user99900,1918613007,4404582648789518462,Rocket 77,BotWhitelist Public Chat,1670409230
Sahiluikey,1296099161,-7492763720422565250,Sahil#U,BotWhitelist Public Chat,1670409230
umerbajwa,1857398897,-7602388206536164126,Umer,BotWhitelist Public Chat,1670409230
unlocklock,744553861,-1648571801766705252,–ê–ª–µ–∫—Å–µ–π MSK,BotWhitelist Public Chat,1670409230
gabeushiller,1713977872,3863560504098895844,Gabe ‚ö° UNITED SHILLERS ‚ö°,BotWhitelist Public Chat,1670409230
usamamaan178946,1584182987,8828962202965799639,Usama Maan,BotWhitelist Public Chat,1670409230
Upset08,1329173940,-9222593688969140291,HelenE,BotWhitelist Public Chat,1670409230
thanapon1569,1830062926,5662223744872907836,Thanapo,BotWhitelist Public Chat,1670409230
tuannho27,1800301688,4919963364792382484,Tu·∫•n Nguy·ªÖn,BotWhitelist Public Chat,1670409230
Shahidtaak,862730179,-2157332519575616317,Shahid Taak,BotWhitelist Public Chat,1670409230
pY_Th0r,1194020438,-8023399694240415735,|| pY-Th0r || [|‚Ä¢Reincarnated‚Ä¢|],BotWhitelist Public Chat,1670409230
rubyrideroji,1950047944,-254146404539452198,Ruby https://t.me/PioneersFamzcalls,BotWhitelist Public Chat,1670409230
,1010964443,3101983018305312806,Th√†nh,BotWhitelist Public Chat,1670409230
pleasenodmallowedokk,2043686846,6495186910803715528,Don't dm,BotWhitelist Public Chat,1670409230
tarmodjiibni,1773714910,957306581309080469,Modjini | Nibi,BotWhitelist Public Chat,1670409230
tinhtam89a,5059753987,6109285488858032398,T·ªãnh T√¢m,BotWhitelist Public Chat,1670409230
cryptopreneurforlife,2042045918,6840896483564341801,The Cryptopreneur,BotWhitelist Public Chat,1670409230
thenextP,649580821,2567081795053708367,2 P,BotWhitelist Public Chat,1670409230
tomchen8886,1515269613,-9170996559443851174,tom,BotWhitelist Public Chat,1670409230
Phoolchandtripathi,1320057503,4886743155078721125,Phoolchand Tripathi,BotWhitelist Public Chat,1670409230
Trungbin95,1653907965,4593462417449649816,Ali Baba,BotWhitelist Public Chat,1670409230
thai0211,1488781485,7653592042565300036,ƒê√¨nh Th√°i | CoinHunter Community,BotWhitelist Public Chat,1670409230
Tehseen18,1637994804,-2081232698397783537,Tehseen ‚ú™,BotWhitelist Public Chat,1670409230
techshivang,1176555114,-4211183005637734377,Shivang Tanwar,BotWhitelist Public Chat,1670409230
timer28,1388463753,2919422797876917981,Time o7,BotWhitelist Public Chat,1670409230
teminen,2042600048,8082916349861023630,teminen,BotWhitelist Public Chat,1670409230
TheOne9527,1783366168,-6524904723470381884,The One,BotWhitelist Public Chat,1670409230
Loveeyouu3000,1591355407,4081291429537084545,Tony S,BotWhitelist Public Chat,1670409230
nguyenthanh1458,2135034081,-3658143586103792708,Th√†nh Nguy·ªÖn,BotWhitelist Public Chat,1670409230
Noob558,409175060,-7780786109698220068,Tracker,BotWhitelist Public Chat,1670409230
christ2300,1476231011,-8102465003200855555,Chris T,BotWhitelist Public Chat,1670409230
tecus,119375232,1672579217751939475,Tecus,BotWhitelist Public Chat,1670409230
eukuanting101,868260544,-8525722707108758844,Kuan Ting Lin,BotWhitelist Public Chat,1670409230
ArmyShilla,1887958150,-5490104434090321214,Sajjüíß| @TearsOfSajj,BotWhitelist Public Chat,1670409230
bitdegentrader,2132848263,4375439699818890753,Bit Degen Trader @SacredTails,BotWhitelist Public Chat,1670409230
ThengHuo,2081861561,1287875114772591821,Thanh Ho,BotWhitelist Public Chat,1670409230
jouleperkelvin,1105142496,6965811081487054085,T,BotWhitelist Public Chat,1670409230
thomhoang,2121100210,1380614420270434649,Thom Hoang,BotWhitelist Public Chat,1670409230
thiendanga,1833008997,7348734698283439982,Jonny ( Dev t·∫≠p t·ª± ),BotWhitelist Public Chat,1670409230
lunatic1212,2010290028,-8733690380402186663,Luna Tic,BotWhitelist Public Chat,1670409230
iseajai,1621720024,-590359044811101833,Tear Drop,BotWhitelist Public Chat,1670409230
TShillbyy,1795963446,-4918942683435547616,THOMAS SHILLBY,BotWhitelist Public Chat,1670409230
tuananhgodlike,1086970311,-3732719429513490945,Tuan anh Godlike,BotWhitelist Public Chat,1670409230
tonduc1,1038908789,4262117219123696051,Nam ƒê·ªó,BotWhitelist Public Chat,1670409230
TheBscBandit,1842559574,-4579717593466355742,Bandit.,BotWhitelist Public Chat,1670409230
leductam2003,1069874033,-1054096411109431611,L√™ ƒê·ª©c T√¢m,BotWhitelist Public Chat,1670409230
NewBi3Kings,341238471,5413255027101044310,TonyStark,BotWhitelist Public Chat,1670409230
Tsortss,1094166196,-8757855968540523383,Tsorts,BotWhitelist Public Chat,1670409230
mempur,838143599,-454445626622840655,Nuna The Kid,BotWhitelist Public Chat,1670409230
tingge11111,1923908710,404348016010164933,ÂìàÂìà2Âè∑,BotWhitelist Public Chat,1670409230
ThisBjorn,1887148896,-7566452693668157491,Bjorn Ironside ‚ò†Ô∏è,BotWhitelist Public Chat,1670409230
tubagusnm,1148541113,-1344410670425946422,TB-777,BotWhitelist Public Chat,1670409230
tuyul_magang,1900494145,5457782997722079644,Tuyul Magang,BotWhitelist Public Chat,1670409230
Apalumintausername,1458911576,96071316052403887,Haji CZüî∂ | Tomket Lovers,BotWhitelist Public Chat,1670409230
thunder0202,875398702,113969967645798449,Thunder Gold / Tag me in group,BotWhitelist Public Chat,1670409230
benysoon1,1747416487,3678726996546946570,Benny | SOON,BotWhitelist Public Chat,1670409230
SHANEDIESEL101,1036107757,-6805248824596156867,ShaneDiesel101,BotWhitelist Public Chat,1670409230
cryptofreeman_spain,1450635085,4720049967862718473,üá™üá∏ freeman üá™üá∏,BotWhitelist Public Chat,1670409230
Hengshillman,1902909343,-7657042554103852226,Sokheng SOS,BotWhitelist Public Chat,1670409230
parmenion,1364397259,-3071639038875107905,Sincomir chufa,BotWhitelist Public Chat,1670409230
lSleepyl,780717347,1782233565172633637,Sleepy,BotWhitelist Public Chat,1670409230
Stefanbl1705,726151153,1852161564245426441,Steff,BotWhitelist Public Chat,1670409230
geshaaguss,653527247,5427781334118302427,Gesha Agus Setiawan,BotWhitelist Public Chat,1670409230
Prashant215,846732281,-5539955779338732381,üáÆüá≥Prashant Saxena ‚àÄüî∫,BotWhitelist Public Chat,1670409230
standard84,5053181408,-6022460949379468032,Alavi,BotWhitelist Public Chat,1670409230
soul123123123123123,2072334687,-4653175339793338130,soul:-D,BotWhitelist Public Chat,1670409230
hinatashoyoo9,2131606756,-1420362052032576199,Hinata Shoyo,BotWhitelist Public Chat,1670409230
ShubhamK987,745714162,1480680310057502294,Shubh,BotWhitelist Public Chat,1670409230
brandassalvas,5095063696,-581102009741038708,Bradas Salvas,BotWhitelist Public Chat,1670409230
shinzo33,717954227,-5772435702470566140,shinzo,BotWhitelist Public Chat,1670409230
CryptoProfitSignalAdmin,578833536,895408860938030047,Einas üî•üî•Shillar Jodüî•üî•,BotWhitelist Public Chat,1670409230
AnonSMS,430677570,-6113052263748342130,Anon SMS,BotWhitelist Public Chat,1670409230
ngocson01082020,1619787129,-6497027528979281686,S∆°n Ng·ªçc,BotWhitelist Public Chat,1670409230
sayedulm,1880254895,6477006798301875075,Sayedul Miah,BotWhitelist Public Chat,1670409230
SlyMcFly,2046817004,-3478744235024075764,SlyMcFly,BotWhitelist Public Chat,1670409230
Shineyourworld,1958642187,-2720217657857885456,Shine,BotWhitelist Public Chat,1670409230
C2H44,434511564,-8194282054653046606,ùêèùêáùêÑùêçùêéùêåùêÑùêçùêÄ Ôºàùòöùò∞ùò∂ùò≠ ùòãùò¶ùò¥ùò™ùò®ùòØ Ôºâ,BotWhitelist Public Chat,1670409230
isullgento,1611825133,7375835965632655849,Gento's,BotWhitelist Public Chat,1670409230
riderffs4,5033703001,-7091241193372902992,Rider | Owner of @Santacalls,BotWhitelist Public Chat,1670409230
,739944829,4065760550936105032,Sakke,BotWhitelist Public Chat,1670409230
sucirhmadnii,922218127,2885682914506839061,Sucii,BotWhitelist Public Chat,1670409230
duc10002,1924208306,-1285030108854598338,BotWhitelist supporter,BotWhitelist Public Chat,1670409230
surah6y,927904332,-3405020123043230724,Bhikhari,BotWhitelist Public Chat,1670409230
samiu42542,1443359397,-3808170086463655365,Sami,BotWhitelist Public Chat,1670409230
Ilhmmmmmmmmmmmmmmmm,1769402100,-4566445523573518962,Hamm. || SkyzeeGank,BotWhitelist Public Chat,1670409230
soulpilot18,94458074,2779090168295286780,R G,BotWhitelist Public Chat,1670409230
Guptajikaladka,752093485,-4491466078907199814,Gupta Ji Ka Ladka üáÆüá≥üî• #Hindu #Sanatani,BotWhitelist Public Chat,1670409230
Denisetiayanar,842103879,-7541551615463305936,Deni Setiayanar,BotWhitelist Public Chat,1670409230
solocrypt8,1091473732,1398832911167554767,OUEDRAOGO SOULEYMANE,BotWhitelist Public Chat,1670409230
Suellenb27,1963733267,-5308216591306248797,Suellen,BotWhitelist Public Chat,1670409230
sum258258,2111609887,-5754721791152306769,Ê∏© $MoneyTree,BotWhitelist Public Chat,1670409230
,180627766,-2417753546327726376,Suri,BotWhitelist Public Chat,1670409230
sif1393,1125952325,-2566762966282534811,„ÄêüÖ∞„ÄëÔΩû„ÄêüÜÇ„ÄëÔΩû„ÄêüÖ∏„ÄëÔΩû„ÄêüÖµ„Äë,BotWhitelist Public Chat,1670409230
hi_crypto_idiot,2053166341,7897421674672559676,Never Sleep,BotWhitelist Public Chat,1670409230
suprabapak0504,2078935677,771930997327362431,suprabapak,BotWhitelist Public Chat,1670409230
ntsthx,1127756920,8520310813849256064,sodaiiiii‚≠êFrog Army ‚≠ê,BotWhitelist Public Chat,1670409230
Samael4747,1642172381,-1087964754601369998,Ezio,BotWhitelist Public Chat,1670409230
MahmoudSadeck,786892363,2767853677841346367,Mahmoud Sadeck,BotWhitelist Public Chat,1670409230
Sameer6565,914252946,730334981830849010,Sameer Sheikh,BotWhitelist Public Chat,1670409230
Georg_sedr,2008426489,3967617775102163959,Georg Saldigov6,BotWhitelist Public Chat,1670409230
huynhtandai95,338982935,-7769144745717640662,Sabalenka,BotWhitelist Public Chat,1670409230
SirAl9,1698240965,-6275522957950914572,Sir Al,BotWhitelist Public Chat,1670409230
lucash68,1659961271,-7379471143163356443,Sacul18,BotWhitelist Public Chat,1670409230
Oxxx123,714852959,7454872147534142897,Rema M.S | 2022 buy Car,BotWhitelist Public Chat,1670409230
Sammy_765,1788497848,-8627033354572179420,Sammy,BotWhitelist Public Chat,1670409230
SteakAddictor,1825384594,-4538274203755038011,Steak Addictor | @DimondProjects,BotWhitelist Public Chat,1670409230
skybeu13,1817959429,-7339609145346653255,skybeu,BotWhitelist Public Chat,1670409230
SteveUD,699727640,-4632089162473001870,Steve,BotWhitelist Public Chat,1670409230
starcdesigns,2005678636,5252025981060933671,H S,BotWhitelist Public Chat,1670409230
alkautsar22,1140813034,6334226226096605289,su1cide,BotWhitelist Public Chat,1670409230
s777777s777777s,359803466,9201541354485531964,Artur,BotWhitelist Public Chat,1670409230
Spiral9999,688926350,-2350588465163599463,Frederico Reformas,BotWhitelist Public Chat,1670409230
potatofried01,163335871,814415416462051224,South Paw Paul,BotWhitelist Public Chat,1670409230
ahmadd109,819690994,887475067162320129,Si Ahmad,BotWhitelist Public Chat,1670409230
semvaki,948463445,2610046066979371416,semvaki,BotWhitelist Public Chat,1670409230
sfpval,270112667,-2704869931040823611,SF,BotWhitelist Public Chat,1670409230
saisu8201,1149477712,3454696542867446138,Sai,BotWhitelist Public Chat,1670409230
SliverBest,1782370525,7103648082554950012,Silver B.,BotWhitelist Public Chat,1670409230
sulitjadi,1956585172,-7261928606376991294,Helen Cantika,BotWhitelist Public Chat,1670409230
jks41,781829946,-4933697323044188784,S≈ìndala,BotWhitelist Public Chat,1670409230
keyxdrop,1272082157,-3132440270684763609,KeyÔæíDrop || SHILLING MACHINE ||,BotWhitelist Public Chat,1670409230
anjas007,1368441113,3251109054706595964,Anjas | please new ath $DEGN $SHIBALANA $HUSKY $KITTY,BotWhitelist Public Chat,1670409230
cupshot,1935638748,870723187415890815,Sup,BotWhitelist Public Chat,1670409230
juanda_p_s,480396788,5051756207503637776,Juanda Pitra Sondak,BotWhitelist Public Chat,1670409230
steyrz,1823867640,6654681787867446356,Catto | @ktrcalls,BotWhitelist Public Chat,1670409230
Stromz,1683513447,-5739153789329723520,Stromi,BotWhitelist Public Chat,1670409230
mametr20,1255118799,6769118490116096362,Selamat Raharjo,BotWhitelist Public Chat,1670409230
dadansuparlan,743807582,7597920747818258191,Dadan Suparlan,BotWhitelist Public Chat,1670409230
rizkidft,1905021279,2453956352163193713,senyamiku,BotWhitelist Public Chat,1670409230
hbar22,1102895831,-8256511676590218697,Syachrul BC-GANG,BotWhitelist Public Chat,1670409230
Anjany69,1971921907,-3816148197855136153,Racoco,BotWhitelist Public Chat,1670409230
rafaelastro,1666485416,-8965763314005072176,Rafael Motta - Ag√™ncia Astro,BotWhitelist Public Chat,1670409230
reyhann592,2086176414,2846563683670350570,Rehan,BotWhitelist Public Chat,1670409230
kieran3939,1272992705,-4849806293920875872,Big Ron,BotWhitelist Public Chat,1670409230
robdust_robhardcor3shillerzzz,2046700893,-6891589362097004159,HardcoreshilleR,BotWhitelist Public Chat,1670409230
robdust_rob_55,2081627218,-5449068178522939116,no dust,BotWhitelist Public Chat,1670409230
rukaax,1755379658,-7167964747496478996,Rukaa,BotWhitelist Public Chat,1670409230
,729221225,5109874809765977017,Ribeiro Neto,BotWhitelist Public Chat,1670409230
rushelysium,281331575,-7683400855096637003,Rush E. (DM = Report Block),BotWhitelist Public Chat,1670409230
rezafebran,894626551,5043337172092345081,Reza| Ê¢¶È≠á,BotWhitelist Public Chat,1670409230
ducreal,1876924507,5470479021118705825,ƒê·ª©c Real,BotWhitelist Public Chat,1670409230
Danny_Richard,1763025352,6237078453802332602,Danny Richard,BotWhitelist Public Chat,1670409230
gilang2101,2091942921,7483026082666462366,ROHIT JANCOK (KNTLODN),BotWhitelist Public Chat,1670409230
Adi_R3bel,820162597,887504061196388342,Adi R3bel,BotWhitelist Public Chat,1670409230
rifqihizrian,1300154779,-6919751788453315263,Rifqi Hizrian,BotWhitelist Public Chat,1670409230
RRajatjain,687828695,620324567618049920,Rajat Jain,BotWhitelist Public Chat,1670409230
romysran3,1294310841,3484810782728258867,romy,BotWhitelist Public Chat,1670409230
Ravi10010,761724974,-1084349749390597025,{{ Ravi }},BotWhitelist Public Chat,1670409230
rilo03,1845336342,1757905446494625001,rilo,BotWhitelist Public Chat,1670409230
mrrobot773,952134683,3190260531836501629,Mr Robot,BotWhitelist Public Chat,1670409230
raysdenni,455370827,-8247783521663198065,¬§Õú‡πãÕ°‡£ß‡£ß‡£ß‡£ß‡£ß‡£ß‡£ß‡£ß‡£ß‡£ß‡£ß‡£©‡£©‡£©‡£©‡£©‡£©RySD ¬§Õú‡πãÕ°‡£ß‡£ß‡£ß‡£ß‡£ß‡£ß‡£ß‡£ß‡£ß‡£ß‡£ß‡£©‡£©‡£©‡£©‡£©‡£©,BotWhitelist Public Chat,1670409230
Abraao_r3,1083683201,5141149074921411546,Abra√£o,BotWhitelist Public Chat,1670409230
RangTG,1771520645,8015336706676360433,Rang,BotWhitelist Public Chat,1670409230
robertnaufal,959134189,-3251383864583823838,Obet Moon ‚ö°Ô∏è,BotWhitelist Public Chat,1670409230
MrKyCuan,1604815872,-8657270455781989780,Rikky | MrKyCuan | EolnGank,BotWhitelist Public Chat,1670409230
Rizkialvar0,1175652034,-8082334420639982158,Rizki,BotWhitelist Public Chat,1670409230
Fikrirexsa,1166596271,347116499134784456,Fikri_Rexsa,BotWhitelist Public Chat,1670409230
roma230301,1983294843,-3163679393023526322,Roma,BotWhitelist Public Chat,1670409230
rohman1218,1863709807,1770437865364730452,Just Official Bot,BotWhitelist Public Chat,1670409230
ryntfkk,906900306,-2560173043182552651,„É°ryntfk,BotWhitelist Public Chat,1670409230
abinyakhalila,1654781192,-5512901764685074913,Rie,BotWhitelist Public Chat,1670409230
bartyvn,658047510,-5099266886072797450,Rybakyna,BotWhitelist Public Chat,1670409230
Rakaze,1952757871,4457152589803117256,Raka Luthfi,BotWhitelist Public Chat,1670409230
dhosyah,473195419,7097849469943570503,Ridho,BotWhitelist Public Chat,1670409230
hahsby,1390777894,-6961125449377531724,Rizal,BotWhitelist Public Chat,1670409230
randyard1,1094344262,3894700579775489383,Rands,BotWhitelist Public Chat,1670409230
aryfolk,955855878,-446574974454494419,A r L,BotWhitelist Public Chat,1670409230
ridwanrpd,1303637199,-3384996802948739339,Ridwan Hamzah,BotWhitelist Public Chat,1670409230
Rafimut1,842471594,-8831560730748340417,Rafi,BotWhitelist Public Chat,1670409230
nouez,1734703397,-6402168181144931047,RIO re,BotWhitelist Public Chat,1670409230
MissRose_bot,609517172,-2909065919432182512,Rose,BotWhitelist Public Chat,1670409230
DeadFvck,963065230,-8088062838419563847,Afief Maulan Qolbi,BotWhitelist Public Chat,1670409230
qst61722679,1679968384,5989927078296687601,ËØóÂ§©,BotWhitelist Public Chat,1670409230
Qu_een_cee,1148453325,-4114671296668992081,Queen,BotWhitelist Public Chat,1670409230
jeanpr81,1824081500,-8655261571927200680,Jean Pr,BotWhitelist Public Chat,1670409230
Private18273,1211020010,5270813872703084824,Private,BotWhitelist Public Chat,1670409230
Pronos333,1770370149,8389078049764254360,Gavish OPC,BotWhitelist Public Chat,1670409230
Parth2605,930082030,3492318533197130984,Parth,BotWhitelist Public Chat,1670409230
PRCM258,1830618020,6423044966096288138,Gustavo Henrique,BotWhitelist Public Chat,1670409230
n0_pressure,503447803,-5191957201824404576,Ex,BotWhitelist Public Chat,1670409230
promotermehedi,1064574664,-5890990192027887235,ùôàùôöùôùùôöùôôùôû | ùòøùôûùôúùôûùô©ùôñùô° ùôàùôñùôßùô†ùôöùô©ùôöùôß üèÖ,BotWhitelist Public Chat,1670409230
PROEARNER312,1476913313,6031955549140315488,‚äï·¨º‚üÖ‚ç£‡øê‚ò†Ô∏èüíÄP¬ÆO E@¬ÆNER‚ò†Ô∏èüíÄ‚üÖ‚ç£‡øê‚äï·¨º,BotWhitelist Public Chat,1670409230
phelippemichel,644007792,1771009236287773235,Phelippe Michel,BotWhitelist Public Chat,1670409230
Hoan0208,796508286,-4117178665916384974,Phan Ng·ªçc Hoan,BotWhitelist Public Chat,1670409230
Peter0009,1125861719,4607771059029382913,Peter Edem,BotWhitelist Public Chat,1670409230
lambopoewert1984,2068324927,-5000070320431592248,Lambo Poewert @PGTList,BotWhitelist Public Chat,1670409230
,1645108475,3967589835966506588,Andrei Pavel,BotWhitelist Public Chat,1670409230
canaljplay,136298002,4011763158027824769,John J-Play,BotWhitelist Public Chat,1670409230
presaleinvestor007,1391720004,4261070756999900161,Presaleinvestor007,BotWhitelist Public Chat,1670409230
premiumvip5,1928235974,-7977726165007054651,Group,BotWhitelist Public Chat,1670409230
piedmonthouse,1718339109,-4675962916471458125,piedmonthouse,BotWhitelist Public Chat,1670409230
Cassanovaandra,1979867455,2673013960112775341,PabiosssV2,BotWhitelist Public Chat,1670409230
hemmmmmsj,2106569105,7776930203066855534,Pemish üáÆüá≥üáÆüá≥üáÆüá≥,BotWhitelist Public Chat,1670409230
PetrosPGR,893580592,1453478759015899403,P,BotWhitelist Public Chat,1670409230
bullishpandabear,1903721786,6668560716850674880,Bullish Panda Bear,BotWhitelist Public Chat,1670409230
blackline11,977622477,8940430974423911520,Cha ÊÑõ | Pray Laadunism,BotWhitelist Public Chat,1670409230
pondthz,1466279320,865510193549285036,Pond,BotWhitelist Public Chat,1670409230
Pawrich_23,1907998385,-7790520570203034131,pawrich23 üá©üáøüá≥üá¨üá∫üá∏,BotWhitelist Public Chat,1670409230
Mansory0000,1904617222,3701215244087352330,Mansory | Phoenix Holdings | Naughty Mansion,BotWhitelist Public Chat,1670409230
piter600rr,1830852199,7727514284936561192,Piter,BotWhitelist Public Chat,1670409230
Pandulindung,854805176,6017447142807394196,Pandu,BotWhitelist Public Chat,1670409230
Petyaid101,1121782295,6321971525291276880,Petyaid101,BotWhitelist Public Chat,1670409230
pakky1219,829544282,5795899733181731449,Parker,BotWhitelist Public Chat,1670409230
mohazahi,2049414543,-6467042227727810112,Pahi Bayo,BotWhitelist Public Chat,1670409230
dreandra_putra,1962813667,-5206813729133003306,Dreandra Putra,BotWhitelist Public Chat,1670409230
Peetruz,1725750174,-1891797776198721796,Petruz,BotWhitelist Public Chat,1670409230
Pangull28,1978126294,-2122770442582643503,Pangull,BotWhitelist Public Chat,1670409230
Prastio2626,2041056821,-7850441943714009903,ARDHIAN EKO PRASTIO FAUZI,BotWhitelist Public Chat,1670409230
lufi246,1373862526,4881042350703981545,luffy one,BotWhitelist Public Chat,1670409230
distiinctive,1470410010,-3767948014827525867,onur üî∫,BotWhitelist Public Chat,1670409230
OnlydResearch,2042629888,-6781368894307583144,Onlyd,BotWhitelist Public Chat,1670409230
Hahahahihihihahi,1113736556,2181933538879179322,Ome God,BotWhitelist Public Chat,1670409230
dalordz,1878726846,-473442635179730944,Bismillah JP | o7,BotWhitelist Public Chat,1670409230
mkhakul,1296346529,-4426563709262528609,evha Okta,BotWhitelist Public Chat,1670409230
nmait,1823286577,-5956585464250395635,Oliver,BotWhitelist Public Chat,1670409230
Jv0089,475195626,8543236325486750764,Nick Fury,BotWhitelist Public Chat,1670409230
AlexFOTA_Brazil,1010266097,-2030963162777592639,Alex | FOTA Brazil | Never DM First,BotWhitelist Public Chat,1670409230
krish_chauhan_ji,1848723530,7025233990729786126,Krish Chauhan | Never DM First,BotWhitelist Public Chat,1670409230
Narberalgamma3,2048073534,941339550328070821,Narberal Gamma,BotWhitelist Public Chat,1670409230
Jrnuca,1972493462,-3726284111731787445,Bang Nucaa DaengTraders,BotWhitelist Public Chat,1670409230
Activator48hrs,5023161415,3958463517501404280,Activator NFT,BotWhitelist Public Chat,1670409230
Cybernoob7,566183080,1461285603530795609,Cyber Noob,BotWhitelist Public Chat,1670409230
nelson_dlll,1674221546,5006831889320634924,gemes Alex,BotWhitelist Public Chat,1670409230
Nujjumehdi,745127545,-1988190663092555607,Nusrath Khan,BotWhitelist Public Chat,1670409230
kyllucky,2104931143,-8618125551988858882,BEDIL NDASMU,BotWhitelist Public Chat,1670409230
antwar1996,1723749313,4808261048580104974,Nite Nite,BotWhitelist Public Chat,1670409230
Ndopetz,1058539309,-4922250573023994066,Hafidh,BotWhitelist Public Chat,1670409230
,1169300940,3936795822102770731,Nam,BotWhitelist Public Chat,1670409230
Noctherion,2139792919,4359435021072400576,Gulser,BotWhitelist Public Chat,1670409230
Nano134,1712630248,-5459326469992505255,nani Kore,BotWhitelist Public Chat,1670409230
,5020512962,-3881629106112293294,Nathan Berry,BotWhitelist Public Chat,1670409230
noblack,873268024,-1724684847484245113,NOBLACK,BotWhitelist Public Chat,1670409230
NLBOTT,2109859599,3726896695694155527,Nabilberd,BotWhitelist Public Chat,1670409230
n09116,398233947,2922220096516447396,N-Nariman,BotWhitelist Public Chat,1670409230
godofhelll,836113197,-8649559507393021611,D√©v√Æl NÕ°ÕúoÕ°ÕúBÕ°ÕúoÕ°ÕúDÕ°ÕúyÕ°Õú Õ°ÕúCÕ°ÕúaÕ°ÕúRÕ°ÕúeÕ°ÕúSÕ°Õú‚Ñ¢ „ÄêÔªøÔº¨ÔºπÔº£Ôº°ÔºÆ„Äë,BotWhitelist Public Chat,1670409230
bapphao1,1253862002,-3234450998334809757,nguyen hung,BotWhitelist Public Chat,1670409230
nhidang3007,947416639,-7648752847894762795,Long Dang,BotWhitelist Public Chat,1670409230
El_ninhoo,604261114,-8476589348652666005,El ninho,BotWhitelist Public Chat,1670409230
mohd565567,1382234733,-5246763468948993127,Mohd Nafees,BotWhitelist Public Chat,1670409230
CaptainNFT,1657108917,5349029651619573865,Captain NFT,BotWhitelist Public Chat,1670409230
Glad815631,1679732793,-8457612039252430414,Glad Node,BotWhitelist Public Chat,1670409230
b4corp,575955633,-777779978552397759,Nest,BotWhitelist Public Chat,1670409230
,2045999308,-5374794993204284227,Neng Cuneng,BotWhitelist Public Chat,1670409230
nostradamus_11,1037742404,3030672888410701463,Crypto Nostradamus,BotWhitelist Public Chat,1670409230
NotK4m,643944727,-282416010837746624,NotKam,BotWhitelist Public Chat,1670409230
Ncumm,928524011,6276464898537331083,√ò‚Ç≤‚Ä¢Block Lordüî•,BotWhitelist Public Chat,1670409230
Ayammin1,1091926300,-3528482586291976731,Nunu,BotWhitelist Public Chat,1670409230
Nopriyandi0,1476807079,-2743785382128897718,Nopriyandi,BotWhitelist Public Chat,1670409230
JoseMendezP,1898185659,-4428578854970900467,Jose Mendez,BotWhitelist Public Chat,1670409230
mangtikanlo,1343397549,528940326237415723,Molus,BotWhitelist Public Chat,1670409230
Marhaba83,1701208415,8564429047048795089,Marhaba83,BotWhitelist Public Chat,1670409230
aldiput3,1559406078,-4037386810926463346,Crypto Airdropproo Manajemen,BotWhitelist Public Chat,1670409230
MayaMagaan,1328048433,4830798892331805023,Maya Magaan,BotWhitelist Public Chat,1670409230
meobubeo,1245181715,-6381280071310998135,M√®o B∆∞ B√©o | CryptoCat,BotWhitelist Public Chat,1670409230
ind_matrix,875262147,7950400003076358715,ÍßÅ‡º∫–ºŒ±—Ç—èŒπx‡ºªÍßÇ .,BotWhitelist Public Chat,1670409230
,1093220281,2148731603516772928,Fabr√≠cio Medeiros,BotWhitelist Public Chat,1670409230
crmar708,1043039087,6816014085071557195,Mark,BotWhitelist Public Chat,1670409230
masseff,1635084065,777001941762786774,Mass Eff,BotWhitelist Public Chat,1670409230
Faizanmalik12,1217056898,3224240206609712122,Faizan malik,BotWhitelist Public Chat,1670409230
arusismynameme,2077883258,-7745770247636883013,Call me Arus,BotWhitelist Public Chat,1670409230
MarioKowal,1959779372,-4398888745939596039,Mario,BotWhitelist Public Chat,1670409230
,1572045648,-6683119942185068465,Motta,BotWhitelist Public Chat,1670409230
kinseytayan,710603613,1043626199981646360,Drunky Monkey,BotWhitelist Public Chat,1670409230
Gillarsatuduatiga,974760802,5671933729543503364,Gillar |Demi Makan Batagor Main Crypto|,BotWhitelist Public Chat,1670409230
arif8901,5069911255,248342641546299505,Arif Musk,BotWhitelist Public Chat,1670409230
Mousers86,2128023559,-6105206352258851190,froggie,BotWhitelist Public Chat,1670409230
menganggur666,2110048469,-1457333800461319149,mengaggur666,BotWhitelist Public Chat,1670409230
adityatrusted1,990457567,5610329259697718430,Mr. Aditya üî•,BotWhitelist Public Chat,1670409230
bolen3207,5093852088,7669278639494452616,Mike Bolen,BotWhitelist Public Chat,1670409230
deazer1,1091245326,4633454358117006865,Deazer Mass,BotWhitelist Public Chat,1670409230
mmaximo,1921633466,854533944483809807,Matheus M√°ximo,BotWhitelist Public Chat,1670409230
Mohona9,2114729208,-9207262681650244926,Mohona,BotWhitelist Public Chat,1670409230
Mrmanixx,2138172793,4862688384152583933,MrMani,BotWhitelist Public Chat,1670409230
MirrinB,1885957186,2123362983588174195,MirrinB,BotWhitelist Public Chat,1670409230
Mistajohnjohnson,1613214587,-4130979862133570353,John Johnson,BotWhitelist Public Chat,1670409230
frank_mann,1727406466,4884588358465771472,frank~mann,BotWhitelist Public Chat,1670409230
Mandarage,417690462,891691629114277579,Mandarava,BotWhitelist Public Chat,1670409230
mannfreedom,1849959204,-2573015197971871820,Mann,BotWhitelist Public Chat,1670409230
manik8,541522855,-7201823974010054122,Manik,BotWhitelist Public Chat,1670409230
megadeath000,1985299492,-1348681980635414993,Kenj Carl,BotWhitelist Public Chat,1670409230
mavs9001,1804971326,-4400170398411329733,Mavs,BotWhitelist Public Chat,1670409230
Dhobool,124671067,1843179617832768537,Khusnul Muchlisin,BotWhitelist Public Chat,1670409230
Mrk959,1816071745,5912243188067772159,Marek Magdi,BotWhitelist Public Chat,1670409230
matteHODL,665767999,4260728360030096938,mat100x,BotWhitelist Public Chat,1670409230
extrypto,1925474975,9132013270399909013,Metatronix,BotWhitelist Public Chat,1670409230
lugigiw,886706113,-7356557927820398659,Lugi Mikey (ÂëäÂØÜËÄÖ) ‰∏ú‰∫¨Â§ç‰ªá ‚àÜ,BotWhitelist Public Chat,1670409230
,1749336235,-723696684913737893,midl d d g,BotWhitelist Public Chat,1670409230
Maaz_02,1601553950,1752522118015063404,Maaz,BotWhitelist Public Chat,1670409230
Findmeorkillyou,1158494089,1940052845951563104,Hungry Money,BotWhitelist Public Chat,1670409230
mustamilahmad,2033479407,5934752193405938634,Ahmad Mustamil,BotWhitelist Public Chat,1670409230
mrchanlaca,1925510324,-2860393236436415975,Chanlaca | üáªüá≥,BotWhitelist Public Chat,1670409230
Hadimaya,887630131,2529480513195866569,Hadi Maya,BotWhitelist Public Chat,1670409230
hasanbinharun,573101709,-7138162284029926008,Muhammad Fuad Hasan,BotWhitelist Public Chat,1670409230
dekukingnow,1472718499,7258080138316646490,ùôòùô§ùôòùô§ùô° Manusia GantengüéóÔ∏è,BotWhitelist Public Chat,1670409230
Fredipaa,2076953782,-6974808326903165509,money Hoky,BotWhitelist Public Chat,1670409230
Milkiweyys,506214220,7210499520456179618,Kang Bale,BotWhitelist Public Chat,1670409230
Masbramms,1913764149,-3719383397723230292,MASBRAMS,BotWhitelist Public Chat,1670409230
Masz009,398690120,-2322379669231760683,Masz,BotWhitelist Public Chat,1670409230
Mercule,430513126,-6201991350015358382,Adi,BotWhitelist Public Chat,1670409230
Maxxsc,937490900,5087634922001362534,Maxxxxx,BotWhitelist Public Chat,1670409230
Mulyadidelu14,1880710376,3874743437169642543,Mulyadidelu14,BotWhitelist Public Chat,1670409230
dayundayun,1862141011,-5987078171082730071,jack li„ÄéÂå∫ÂùóÂÆûÈ™åÂÆ§„Äè,BotWhitelist Public Chat,1670409230
lwalk,1778059679,5573835923317014316,LohnnieWalker üö∂‚Äç‚ôÇÔ∏è,BotWhitelist Public Chat,1670409230
,1767066019,-5000694917241666919,Lsansann,BotWhitelist Public Chat,1670409230
lalanenado,1280636246,4549440295409246389,‚ñë‚ÑìŒ±‚ÑìŒ±ùì∑ùìÆùì∑ùì™ùì≠ùì∏‚ñë,BotWhitelist Public Chat,1670409230
burokkoricrypt,1996085054,-3837839782882412367,„Éñ„É≠„ÉÉ„Ç≥„É™„Éº love,BotWhitelist Public Chat,1670409230
letsstaratgo0,2073766121,-6179184410055315564,</lfg>,BotWhitelist Public Chat,1670409230
Lezhin1337,862922555,3947259372082377049,Lezhin,BotWhitelist Public Chat,1670409230
lilqiwl,1993101036,-8854699062147759979,Faqilafi,BotWhitelist Public Chat,1670409230
,1989785451,-1865567130296658554,Lallupandey,BotWhitelist Public Chat,1670409230
lastchancehere,1665666482,-6054984517516627862,Last Chance,BotWhitelist Public Chat,1670409230
exmass2015,1943223246,-8565472539384550002,Exmass Lopinee,BotWhitelist Public Chat,1670409230
klingon1231,1622886439,-3463906512128327869,lia,BotWhitelist Public Chat,1670409230
cryptouca,898762982,4871666776346863194,Lucas,BotWhitelist Public Chat,1670409230
,2001511422,-1585464412931209109,Luna,BotWhitelist Public Chat,1670409230
hoangduyloc,1413863693,5217900629888715253,Ho√†ng Duy L·ªôc,BotWhitelist Public Chat,1670409230
Lacekk,1691051542,-8511049066819331867,CEO Lacek,BotWhitelist Public Chat,1670409230
Alexlam1112,1495929743,-6707987176378630315,Alex Lam,BotWhitelist Public Chat,1670409230
JekLuwe,513034221,-8609532120578844720,Jacob Lewis,BotWhitelist Public Chat,1670409230
Drmies320,1009690540,-7868405436123838316,üëë Lucid King üëë,BotWhitelist Public Chat,1670409230
Luca1000x,1115976880,8908993571838176638,Luca100x,BotWhitelist Public Chat,1670409230
AdrianCrypto2,1353858350,-1242580312729962335,Long BTC 69k,BotWhitelist Public Chat,1670409230
Lisange3,488579211,-8320014650173435519,Lisange,BotWhitelist Public Chat,1670409230
aryamahes,981033325,5043419497681607664,Limits Arya,BotWhitelist Public Chat,1670409230
Gep_eng,1663809490,-7996796148753022506,Loli,BotWhitelist Public Chat,1670409230
Leviathnns,1999960089,936530146286428027,LEVIIFROGZILAA,BotWhitelist Public Chat,1670409230
Belot23,1837104459,-3944444825473491409,Luffytaro,BotWhitelist Public Chat,1670409230
Loris21,425770477,7488336779333341869,Loris‚Ñ¢,BotWhitelist Public Chat,1670409230
Lexuzzzzs,1980806169,-7350240907773129831,Lexuzzzzs / @Frogzilla,BotWhitelist Public Chat,1670409230
baikandi,1120329945,8156792409915256037,Bay l EOC,BotWhitelist Public Chat,1670409230
Kamisatoreal,1429670440,-5786039692555027490,Alfi bayu üåü || @earlycoinpotencial ||,BotWhitelist Public Chat,1670409230
akrkhan,2015007650,-7227081737398740571,Akram Khan,BotWhitelist Public Chat,1670409230
campermon,267884558,-5636117394698427086,Kerry,BotWhitelist Public Chat,1670409230
kyamatbal,2123752301,-8194306707363461984,Cheems,BotWhitelist Public Chat,1670409230
kingsuan,1867433155,-3805531693775149279,Â§ßÁÜäÂì•,BotWhitelist Public Chat,1670409230
,2145331398,609798095592824534,kennedy Boss,BotWhitelist Public Chat,1670409230
Heyt46,965774849,-8266970425713448429,HRUSHI KESH,BotWhitelist Public Chat,1670409230
,926045347,2249947763709495359,Diwan Karwan,BotWhitelist Public Chat,1670409230
congkhanh875,1132756141,-6179336466578516721,cong khanh,BotWhitelist Public Chat,1670409230
Kingabhi123ab,1183842720,-6517472916938567490,Kingabhi,BotWhitelist Public Chat,1670409230
Crypto_hussain,1815594975,8250738650008407612,Crypto king,BotWhitelist Public Chat,1670409230
Airdrop19999,1941732185,-227950782936479413,Airdrop King,BotWhitelist Public Chat,1670409230
Evairo176,533025314,3853559291293011289,Bakul Kuli,BotWhitelist Public Chat,1670409230
jiaha1,598342257,-4036354357820185000,Haris | K.FC,BotWhitelist Public Chat,1670409230
kasifu07,985503683,-4303858175411675584,Ary Healer,BotWhitelist Public Chat,1670409230
airdropwow90,1496277598,-2713110337838665366,Kuli Airdrop,BotWhitelist Public Chat,1670409230
KangGalonnn,1882617685,-5721128538171529699,KangGalon,BotWhitelist Public Chat,1670409230
Jagdish635038,1351239159,-3878404693830165019,‚ü¢‡ºí  ô·¥Ä·¥Ö  ô·¥è è‡ºí ‚Çø ‚ú™,BotWhitelist Public Chat,1670409230
dschawid,762579246,-1121396208862398854,Javid,BotWhitelist Public Chat,1670409230
Japunero,1986130823,-4932334087039611716,Eduardo,BotWhitelist Public Chat,1670409230
jasapromotor,1786081473,-5344216699096824519,Denim,BotWhitelist Public Chat,1670409230
Jukyuhachi,1166428954,-5470391062580299594,„ÅØ„Çã,BotWhitelist Public Chat,1670409230
Jokianco,1070627166,-4146308332813289080,Jonikun co,BotWhitelist Public Chat,1670409230
fluhas,2137753735,-2095154499611665345,Jackie,BotWhitelist Public Chat,1670409230
JoeJust5,1590189793,9200100574179284523,Joe Just,BotWhitelist Public Chat,1670409230
AmaralJR89,1728117433,2207183924594936864,AJ Amaral Junior,BotWhitelist Public Chat,1670409230
,2109098355,-3252430827711014475,Jophet Camo,BotWhitelist Public Chat,1670409230
jeezCrypto,2137114075,2093880288606887398,CryptoGoose,BotWhitelist Public Chat,1670409230
J8O8K8E8R,1125682226,-828855901261329377,Joker,BotWhitelist Public Chat,1670409230
jakadul,255114493,-1501221241344227697,Jaka Abdul Jabar,BotWhitelist Public Chat,1670409230
,2050241114,1792614815953994350,Jaime Conley,BotWhitelist Public Chat,1670409230
johnieblack,1072519472,-3557361914070250687,John,BotWhitelist Public Chat,1670409230
joaoduartebm,1520900403,7848848167611140693,J - Duarte,BotWhitelist Public Chat,1670409230
,1946599840,-7003340630481409588,Join Jimmy,BotWhitelist Public Chat,1670409230
honeyjpr,728347820,-1890430515747902287,Dr J,BotWhitelist Public Chat,1670409230
jinstyl,1199487863,4191632545256042520,Aiz,BotWhitelist Public Chat,1670409230
Julian_GMT,949217905,-76291928981847105,Julian,BotWhitelist Public Chat,1670409230
jyyqueez,1277736278,3053821010471268990,jyy,BotWhitelist Public Chat,1670409230
abril885,2029216097,3217590386425759601,abril johan,BotWhitelist Public Chat,1670409230
imsalim88,1617837113,236152296923341638,ImSalim,BotWhitelist Public Chat,1670409230
,197377450,2641395162707799181,Imran,BotWhitelist Public Chat,1670409230
Ignaciodln,800129223,2768799086609291764,Ignacio,BotWhitelist Public Chat,1670409230
,1708684026,2767577704089554978,Imran,BotWhitelist Public Chat,1670409230
IlhamPrass0,1266291306,6485573709197943100,Ilhampras,BotWhitelist Public Chat,1670409230
baohoang89a,5023618866,783695407160720552,B·∫£o Ho√†ng,BotWhitelist Public Chat,1670409230
,1955842283,-1368931080938806030,Hope,BotWhitelist Public Chat,1670409230
callfromheaven,1216853833,1789264212879395467,Call from Heaven,BotWhitelist Public Chat,1670409230
harveya89,1352770060,-5037854297409070192,Harvey A,BotWhitelist Public Chat,1670409230
Harsha627,1489049838,-9152545235069018175,Harsha #BDV,BotWhitelist Public Chat,1670409230
hvn12345,1804113339,161848794166469975,Hihihaha,BotWhitelist Public Chat,1670409230
Hsynaydn,403726595,-6638336147162879928,H√ºseyin,BotWhitelist Public Chat,1670409230
AcapHunting4Whitelist,645712038,1561113417402642337,ùêÄùêÇùêÄùêè¬Æ  É Hunting4Whitelist,BotWhitelist Public Chat,1670409230
Bogota_12,1495628109,2214854187501164608,Bogota $Hy$‚Ç¨,BotWhitelist Public Chat,1670409230
Conganh1410,807958508,-8036874263967960570,Hai Anh,BotWhitelist Public Chat,1670409230
Andin_How,1494419235,-5160255851780100209,Andin How,BotWhitelist Public Chat,1670409230
Hawk455,1912647219,3435284854792758446,Hawk,BotWhitelist Public Chat,1670409230
HallJordaan,1194373574,3092374772462997864,üÖ∂üÖªüÖæüÜÅüÜà üÖ∑üÖæüÖªüÖ¥,BotWhitelist Public Chat,1670409230
HenryChau15,1192314047,8900655461136787265,Henry,BotWhitelist Public Chat,1670409230
,2040367485,3839812967950168201,HNJ,BotWhitelist Public Chat,1670409230
haiirep,1797479482,6994320485776230184,Huuuu,BotWhitelist Public Chat,1670409230
Asejun890,1744126271,8142052128969157987,Huan,BotWhitelist Public Chat,1670409230
hendyanwilly,424732116,256466990744000017,Hendyan,BotWhitelist Public Chat,1670409230
AirHun,1989676148,-7668169223417806721,Bismillah Hoki,BotWhitelist Public Chat,1670409230
gavinbaby,5007322050,-5070294795174565887,gavin,BotWhitelist Public Chat,1670409230
,700266233,-5833210991547778999,Goku,BotWhitelist Public Chat,1670409230
Btgamer11,884559694,-7997961735983020931,Bt gamer,BotWhitelist Public Chat,1670409230
ginoooo0,1870181090,7898896223998424581,ginoooooooooooo,BotWhitelist Public Chat,1670409230
DrGlassman1,1864601862,-8559051885003359290,Dr Glassman,BotWhitelist Public Chat,1670409230
gooyoojino,2137274597,-8537949613195390172,Gooyoo,BotWhitelist Public Chat,1670409230
Badwanted,1656694010,1374956458516116807,Goldy,BotWhitelist Public Chat,1670409230
Glimpses,1533347947,-2486120325788018691,CryptoFunder,BotWhitelist Public Chat,1670409230
Coingem888,1686035505,-4088365981820295607,Coin Gem88,BotWhitelist Public Chat,1670409230
Goonpoor,1885910532,1749918020460260331,Goonpoor,BotWhitelist Public Chat,1670409230
Ededward23,1736972183,-5526864930232071600,Gombodorj Gantugs,BotWhitelist Public Chat,1670409230
gerixx,1208259249,7816337372491188210,Geri,BotWhitelist Public Chat,1670409230
erevoz,207549144,-3708311166738884934,GG CW,BotWhitelist Public Chat,1670409230
DCfalcon1,2114930309,-7390896026376749565,Falcon,BotWhitelist Public Chat,1670409230
feimisi123,1763909840,5363351149839935172,evonoon evonoon,BotWhitelist Public Chat,1670409230
FRD9006,1338715940,1303219831152875032,Ferdi,BotWhitelist Public Chat,1670409230
bronyeck,1881718285,-3468450221806025676,franyek,BotWhitelist Public Chat,1670409230
CRF20,643794187,2843965663942846025,Falcon,BotWhitelist Public Chat,1670409230
furiouseli,1560011339,8989735477200294667,Eli üáµüá≠,BotWhitelist Public Chat,1670409230
cURL_false,1665139801,-2539257301607449950,Íú±…™ ü·¥á…¥·¥õ ·¥Ñ Äy·¥©·¥õ·¥è,BotWhitelist Public Chat,1670409230
fghari,1407611197,-4230992513525769348,CUTKY,BotWhitelist Public Chat,1670409230
Flash1801,1189535501,254679080364114634,ùï≠ùñëùñÜùñìùñê¬†üé≠,BotWhitelist Public Chat,1670409230
ch1lllll,1175974719,-3257972598098059762,Fukass üïµüèø,BotWhitelist Public Chat,1670409230
abdullfzn,1871621847,-8266274352746378235,Abdullah Fauzan,BotWhitelist Public Chat,1670409230
Eddki,1746926312,4604471069364324779,Eddki,BotWhitelist Public Chat,1670409230
Edoardo100,187802813,4453998886024289132,Edo,BotWhitelist Public Chat,1670409230
evil1337bot,1784306035,-238322451079288751,„Ö§,BotWhitelist Public Chat,1670409230
CryptoExpert2345,1885109415,-5978948594612152939,Crypto Expert,BotWhitelist Public Chat,1670409230
ERYSET,642350510,5828141586476854159,Altruisman,BotWhitelist Public Chat,1670409230
,1948284030,-6351530795572589347,El botuna,BotWhitelist Public Chat,1670409230
Entrydipucuk,1732734993,-3700552408349717021,-,BotWhitelist Public Chat,1670409230
DonCepeda,763419543,-4091086371374471191,Don Cepeda,BotWhitelist Public Chat,1670409230
andes92,135193676,2841941663652293110,Andes Ds,BotWhitelist Public Chat,1670409230
Asumamadat,1901961488,-466291939165191825,Dako Ali,BotWhitelist Public Chat,1670409230
Braderr08,1799851294,-6238135342599935772,Don,BotWhitelist Public Chat,1670409230
Defaktor31,1388578780,-2952355134247684872,Defacto ||,BotWhitelist Public Chat,1670409230
Csector,5077969965,6578841143657363418,D-D,BotWhitelist Public Chat,1670409230
dthngat01,1790424765,-550180499985848333,Cam Cam,BotWhitelist Public Chat,1670409230
danx889,1975042432,-8243601034262897493,Dan,BotWhitelist Public Chat,1670409230
Dailyweardesign,1949861805,-8723778442441443023,Dailywear Design,BotWhitelist Public Chat,1670409230
checkmate1307,1297046701,2291465585631657343,$ david,BotWhitelist Public Chat,1670409230
densetsuu59,2050094829,3514407287683393482,Densetsuu,BotWhitelist Public Chat,1670409230
doctorPaolo,334240759,-6428540038585096849,DoctorPaolo,BotWhitelist Public Chat,1670409230
default102,2066742210,2087889130375170459,.,BotWhitelist Public Chat,1670409230
cryptodev_bsc,1891905805,-449167416375648009,Crypto Dev,BotWhitelist Public Chat,1670409230
Daniel202000,1767938960,8602022838776486474,Daniel,BotWhitelist Public Chat,1670409230
cryptodragon89,1818629565,4362634660260937881,Crypto Dragon,BotWhitelist Public Chat,1670409230
andrei_drobici,761674077,8483576406184812455,Dan,BotWhitelist Public Chat,1670409230
downkil56,2043470189,-2868248773821407893,downkil,BotWhitelist Public Chat,1670409230
alahhsiahboy,1059079229,8101166178028959827,Dimas Budi,BotWhitelist Public Chat,1670409230
dvdhaxor,962035173,4932817222767559676,dvs,BotWhitelist Public Chat,1670409230
DECODERHACK,777534070,-8264941386383627261,DECODER,BotWhitelist Public Chat,1670409230
bankdewa,2067119144,-254296358801539557,Bank Dewa,BotWhitelist Public Chat,1670409230
cj4mes,1969876075,7955777026477881453,CJames,BotWhitelist Public Chat,1670409230
chiendoan3990,1378954689,8208490755658593291,Chien,BotWhitelist Public Chat,1670409230
Cybertrom,836625079,-1193302053545200307,Connecting ...,BotWhitelist Public Chat,1670409230
andrefcarvalho2,1651463332,6958735698684462706,Andr√© Carvalho,BotWhitelist Public Chat,1670409230
cash1057,1205229201,-4492800942679529605,cash,BotWhitelist Public Chat,1670409230
ardent1104,1668573158,-1845019035284423852,Cryptojingu,BotWhitelist Public Chat,1670409230
a_b_c_12395,1790248820,5788629901377701232,A B,BotWhitelist Public Chat,1670409230
cf1995fc,299160987,-28708502746372351,ü™êFUNIXüí´,BotWhitelist Public Chat,1670409230
AlexanderLovesCrypto,1947773671,-229350784119795612,Alexander Castillo,BotWhitelist Public Chat,1670409230
connebeest,1341463399,-6841424090127284883,.cœÉ–∏–∏e.,BotWhitelist Public Chat,1670409230
bhy66917755,1575564190,4469102903281106523,comic064,BotWhitelist Public Chat,1670409230
ChenzoLorenzo,1820569310,4656308639625167075,Chenzo,BotWhitelist Public Chat,1670409230
CryptoManiac67,1956720730,-1030261387942960899,Cryptomania,BotWhitelist Public Chat,1670409230
cryptolove999,1556794843,-380380701638485008,Cryptolove999‚ù§Ô∏èüí∏,BotWhitelist Public Chat,1670409230
cloudsying,1402392687,958258435082583074,Cloudsying,BotWhitelist Public Chat,1670409230
bdzns,1018770057,-2740746766658415036,Bedzü¶¨,BotWhitelist Public Chat,1670409230
binbinmmo,1201060054,7204568999549807148,Bin Bin,BotWhitelist Public Chat,1670409230
berlingod,1281636297,5690744276428730805,BerlinGod69,BotWhitelist Public Chat,1670409230
,2094499358,6533000629736045281,BLACk,BotWhitelist Public Chat,1670409230
Balls909,1535949258,-7836532206312536244,Ball,BotWhitelist Public Chat,1670409230
anasbutt321,1921687693,-2807107559167148583,Anas Butt,BotWhitelist Public Chat,1670409230
BinhOzil,902382525,5849272544402136313,Binh,BotWhitelist Public Chat,1670409230
baonguyen4143,2037049392,7111815976286514929,baonguyen4143,BotWhitelist Public Chat,1670409230
bgaspra,1303234050,4091100493871949216,BgasPra,BotWhitelist Public Chat,1670409230
bcsimsek,750604548,-1283980048139606520,bsimsek,BotWhitelist Public Chat,1670409230
Adamh3,860558124,8860243514034941411,Baron,BotWhitelist Public Chat,1670409230
bilai1996,1031212663,4664854216477133403,Bi,BotWhitelist Public Chat,1670409230
Bismilahh02,2065791309,6992881522612313159,Bismilahh02,BotWhitelist Public Chat,1670409230
baksotigor,1882682477,7130118051404222005,baksotigor,BotWhitelist Public Chat,1670409230
berbi20,1240075474,4264284595466149542,ùêÅùêûùêõùê≤ ‚úî,BotWhitelist Public Chat,1670409230
ALECryptoQueen,2108660337,3014567303321767636,Ale,BotWhitelist Public Chat,1670409230
azozxalharbi,574355007,5062575645089292147,Abdulaziz,BotWhitelist Public Chat,1670409230
akahao6,1827179478,8895838435524751557,Aka Ë±™,BotWhitelist Public Chat,1670409230
Aris_AP,1221419397,6789791851839209584,Aris AP,BotWhitelist Public Chat,1670409230
A7550,795094866,3709852516570789975,Alshehri,BotWhitelist Public Chat,1670409230
Anggawps16,5009436791,-1806020104686826567,Anggawps 1602,BotWhitelist Public Chat,1670409230
Al123ice,2068436333,-5755660401369742906,Al123ice,BotWhitelist Public Chat,1670409230
akshoa,2028838388,1855638124693468481,Akashj Agarwal,BotWhitelist Public Chat,1670409230
Arkhien1,1697302689,-7006029272450758342,Arkhien1,BotWhitelist Public Chat,1670409230
amazmech,1623301803,3969095423064531973,amazmech,BotWhitelist Public Chat,1670409230
abitwindy,1329022712,-4888240459275558447,abitwindy,BotWhitelist Public Chat,1670409230
azkafaiz08,1607274900,3157755797013758914,ÂçÇ‰πô“úÂçÇ ÂçÉÂçÇ‰∏®‰πô,BotWhitelist Public Chat,1670409230
aditia45,1983401749,-3182669449534464199,Aditia,BotWhitelist Public Chat,1670409230
Ambarai30,1284693074,-1836964363608276736,.A.,BotWhitelist Public Chat,1670409230
